Flexsim Summary Report,,,,,,,,,,,,,,,,,,,,,,,,,,,,,,,,
Time:,432000,,,,,,,,,,,,,,,,,,,,,,,,,,,,,,,
,,,,,,,,,,,,,,,,,,,,,,,,,,,,,,,,
Object,Class,stats_contentmin,stats_contentmax,stats_contentavg,stats_input,stats_staytimeavg,idle,waiting for operator,travel empty,travel loaded,loading,unloading,utilize,empty,blocked,processing,offset travel empty,offset travel loaded,stats_content,stats_output,stats_staytimemin,stats_staytimemax,state_current,generating,collecting,releasing,waiting for transporter,breakdown,scheduled down,down,conveying,setup
Material Supermarket _Loading Point_,Queue,2694,3982,3338.262105,0,219686.4459,0,0,0,0,0,0,0,0,0,0,0,0,2694,1288,7293.222605,428635.2382,8,0,0,424800,0,0,0,0,0,0
Line 2 Workstation 1,Processor,0,1,0.993518,129,3275.541423,2753.391535,0,0,0,0,0,0,0,0,421571.647,0,0,1,129,871.134117,6057.00625,2,0,0,0,0,0,0,0,0,0
Line 2 Finished Goods Buffer Area 1,Queue,2,131,66.567221,129,0,0,0,0,0,0,0,0,0,0,0,0,0,131,0,0,0,8,0,0,424800,0,0,0,0,0,0
Line 1 Finished Goods Buffer Area 1,Queue,2,128,65.52122,126,0,0,0,0,0,0,0,0,0,0,0,0,0,128,0,0,0,8,0,0,424800,0,0,0,0,0,0
Line 1 WIP Buffer Area 2,Queue,0,3,2.057426,129,6746.951614,0,0,0,0,0,0,0,7677.334526,0,0,0,0,1,130,840.686825,11653.15266,8,0,0,416998.9833,0,0,0,0,0,0
Line 1 WIP Buffer Area 3,Queue,0,3,2.043441,132,6547.912634,0,0,0,0,0,0,0,5523.122153,0,0,0,0,3,131,896.194038,13841.85754,8,0,0,419181.7035,0,0,0,0,0,0
Line 1 WIP Buffer Area 4,Queue,0,3,1.995606,133,6372.295544,0,0,0,0,0,0,0,4475.202147,0,0,0,0,2,133,1647.732435,13014.08147,8,0,0,420197.5869,0,0,0,0,0,0
Line 1 WIP Buffer Area 5,Queue,0,3,2.01916,128,6673.951512,0,0,0,0,0,0,0,8597.376542,0,0,0,0,1,130,10.368004,13466.20751,8,0,0,416047.7572,0,0,0,0,0,0
Line 1 Workstation 2,Processor,0,1,0.993856,130,3253.263506,2609.957622,0,0,0,0,0,0,0,0,421711.3566,0,0,1,130,1264.800237,6491.31489,2,0,0,0,0,0,0,0,0,0
Line 1 Workstation 3,Processor,0,1,0.99381,131,3194.511227,2629.461563,0,0,0,0,0,0,0,0,421688.1708,0,0,1,131,278.267418,6376.740842,2,0,0,0,0,0,0,0,0,0
Line 1 Workstation 4,Processor,0,1,0.993719,133,3173.738362,2668.269431,0,0,0,0,0,0,0,0,421641.9978,0,0,1,133,980.324724,5739.85279,2,0,0,0,0,0,0,0,0,0
Line 1 Workstation 5,Processor,0,1,0.993208,130,3268.626206,2885.19019,0,0,0,0,0,0,0,0,421436.1244,0,0,1,130,551.032248,5757.845838,2,0,0,0,0,0,0,0,0,0
Line 1 Finished Goods Buffer Area 2,Queue,2,132,66.341397,130,0,0,0,0,0,0,0,0,0,0,0,0,0,132,0,0,0,8,0,0,424800,0,0,0,0,0,0
Line 1 Finished Goods Buffer Area 3,Queue,2,133,67.310568,131,0,0,0,0,0,0,0,0,0,0,0,0,0,133,0,0,0,8,0,0,424800,0,0,0,0,0,0
Line 1 Finished Goods Buffer Area 4,Queue,2,135,68.088754,133,0,0,0,0,0,0,0,0,0,0,0,0,0,135,0,0,0,8,0,0,424800,0,0,0,0,0,0
Line 1 Finished Goods Buffer Area 5,Queue,1,131,64.755381,130,0,0,0,0,0,0,0,0,0,0,0,0,0,131,0,0,0,8,0,0,424800,0,0,0,0,0,0
Line 2 WIP Buffer Area 1,Queue,0,3,2.123454,129,6991.428216,0,0,0,0,0,0,0,5429.906231,0,0,0,0,2,129,995.092188,13121.78958,8,0,0,419263.2949,0,0,0,0,0,0
Line 2 WIP Buffer Area 2,Queue,0,3,2.087488,127,6953.401256,0,0,0,0,0,0,0,5823.354532,0,0,0,0,2,127,388.234858,12087.97287,8,0,0,418877.8629,0,0,0,0,0,0
Line 2 WIP Buffer Area 3,Queue,0,3,2.140204,120,7543.631232,0,0,0,0,0,0,0,4746.578009,0,0,0,0,1,121,807.167342,13623.22539,8,0,0,419957.3221,0,0,0,0,0,0
Line 2 WIP Buffer Area 4,Queue,0,3,2.02584,130,6591.559152,0,0,0,0,0,0,0,3654.451013,0,0,0,0,1,131,1831.838285,11363.08577,8,0,0,421032.4647,0,0,0,0,0,0
Line 2 WIP Buffer Area 5,Queue,0,3,1.978829,133,6268.963202,0,0,0,0,0,0,0,11872.63543,0,0,0,0,2,133,83.508386,12957.71035,8,0,0,412629.827,0,0,0,0,0,0
Line 2 Workstation 2,Processor,0,1,0.993619,127,3325.151495,2710.826626,0,0,0,0,0,0,0,0,421621.5764,0,0,1,127,546.655109,6154.511372,2,0,0,0,0,0,0,0,0,0
Line 2 Workstation 3,Processor,0,1,0.993913,121,3499.807291,2585.74403,0,0,0,0,0,0,0,0,421768.75,0,0,1,121,897.426367,6497.860858,2,0,0,0,0,0,0,0,0,0
Line 2 Workstation 4,Processor,0,1,0.993416,131,3220.827078,2796.795107,0,0,0,0,0,0,0,0,421520.8822,0,0,1,131,710.893308,5751.812541,2,0,0,0,0,0,0,0,0,0
Line 2 Workstation 5,Processor,0,1,0.993306,133,3163.224866,2843.80899,0,0,0,0,0,0,0,0,421465.6659,0,0,1,133,583.387544,6342.374676,10,0,0,0,0,0,0,0,0,0
Line 2 Finished Goods Buffer Area 2,Queue,2,129,66.280751,127,0,0,0,0,0,0,0,0,0,0,0,0,0,129,0,0,0,8,0,0,424800,0,0,0,0,0,0
Line 2 Finished Goods Buffer Area 3,Queue,1,122,62.674744,121,0,0,0,0,0,0,0,0,0,0,0,0,0,122,0,0,0,8,0,0,424800,0,0,0,0,0,0
Line 2 Finished Goods Buffer Area 4,Queue,2,133,64.67416,131,0,0,0,0,0,0,0,0,0,0,0,0,0,133,0,0,0,8,0,0,424800,0,0,0,0,0,0
Line 2 Finished Goods Buffer Area 5,Queue,2,135,68.09071,133,0,0,0,0,0,0,0,0,0,0,0,0,0,135,0,0,0,8,0,0,424800,0,0,0,0,0,0
Translation Operator 2,Operator,0,1,0.002974,260,4.858729,0,0,1323.287596,1199.267652,0,0,421711.3566,0,0,0,502.086301,64.001876,0,260,4.48097,5.654924,22,0,0,0,0,0,0,0,0,0
Translation Operator 3,Operator,0,1,0.002996,262,4.857547,0,0,1333.2102,1208.491945,0,0,421688.1708,0,0,0,505.941821,64.185244,0,262,4.450041,5.685865,22,0,0,0,0,0,0,0,0,0
Translation Operator 4,Operator,0,1,0.00304,266,4.854709,0,0,1352.9766,1226.941506,0,0,421641.9978,0,0,0,513.672994,64.411055,0,266,4.512161,5.623721,22,0,0,0,0,0,0,0,0,0
Translation Operator 5,Operator,0,1,0.002975,260,4.860069,274.599262,0,1323.563177,1199.272499,0,0,421436.1244,0,0,0,502.095252,64.345446,0,260,4.449729,5.686176,22,0,0,0,0,0,0,0,0,0
Translation Operator 6,Operator,0,1,0.003115,258,5.129414,0,0,1311.972612,1261.407335,0,0,421571.647,0,0,0,592.99154,61.98149,0,258,4.847526,5.71289,22,0,0,0,0,0,0,0,0,0
Translation Operator 7,Operator,0,1,0.003067,254,5.129842,0,0,1291.653442,1241.853318,0,0,421621.5764,0,0,0,583.790373,61.126433,0,254,4.875669,5.741033,22,0,0,0,0,0,0,0,0,0
Translation Operator 8,Operator,0,1,0.002926,242,5.136701,0,0,1231.965193,1183.181318,0,0,421768.75,0,0,0,556.203178,59.900285,0,242,4.867267,5.732631,22,0,0,0,0,0,0,0,0,0
Translation Operator 9,Operator,0,1,0.003165,262,5.131057,0,0,1332.613322,1280.973917,0,0,421520.8822,0,0,0,602.167652,63.362907,0,262,4.880272,5.80302,22,0,0,0,0,0,0,0,0,0
Translation Operator 10,Operator,0,1,0.003222,266,5.144799,0,0,1353.556822,1303.441266,0,0,421465.6659,0,0,0,612.260635,65.075396,0,266,4.875424,5.847566,16,0,0,0,0,0,0,0,0,0
Line 1 Workstation 1,Processor,0,1,0.994046,126,3332.951927,2529.091436,0,0,0,0,0,0,0,0,421806.9535,0,0,1,126,932.623087,6451.59055,2,0,0,0,0,0,0,0,0,0
Translation Operator 1,Operator,0,1,0.002882,252,4.857589,0,0,1282.308966,1162.371402,0,0,421806.9535,0,0,0,486.625214,61.740915,0,252,4.308841,5.827121,22,0,0,0,0,0,0,0,0,0
Line 1 WIP Buffer Area 1,Queue,0,3,2.178838,127,7291.595928,0,0,0,0,0,0,0,4649.71213,0,0,0,0,2,126,1212.532131,14441.59911,8,0,0,420071.4185,0,0,0,0,0,0
car 1,Transporter,0,8,0.415948,649,272.256821,368521.7262,0,6377.667158,7811.601824,19591.13536,19511.65909,0,0,0,0,302.102185,2684.10814,0,649,83.81988,362.757493,1,0,0,0,0,0,0,0,0,0
car 2,Transporter,0,8,0.399985,639,265.9052,369662.5466,0,6637.970195,7732.786763,19237.22306,19239.13019,0,0,0,0,130.10113,2160.242058,0,639,85.655659,359.007995,1,0,0,0,0,0,0,0,0,0
